dataset,n,SC-UN,SC-N,DSC+,DI-SIM-R,DI-SIM-L,DI-SIM-C,GSC-N,GSC-UN
breast_tissue,106,3.2326881885528564,2.4436652660369873,2.4138245582580566,2.27154803276062,2.3852598667144775,2.8496787548065186,2.810037612915039,2.4768154621124268
wine,178,2.6108438968658447,2.649519920349121,2.4850680828094482,2.773036241531372,0.0817105770111084,0.08171677589416504,0.13640451431274414,0.05119967460632324
iris,150,0.05287003517150879,0.0713803768157959,0.09156346321105957,0.06133556365966797,0.061185598373413086,0.07126784324645996,0.08169293403625488,0.06191754341125488
seeds,210,0.06403160095214844,0.07177877426147461,0.16202521324157715,0.07169890403747559,0.14231371879577637,0.12200117111206055,0.11211514472961426,0.07187461853027344
segmentation,2310,0.3291585445404053,0.6669628620147705,19.985812425613403,0.21280407905578613,0.20261573791503906,0.24318909645080566,0.4658641815185547,0.20331406593322754
wdbc,569,0.06830310821533203,0.07177233695983887,0.22330188751220703,0.0819101333618164,0.09216189384460449,0.09191703796386719,0.06199908256530762,0.05173921585083008
olivetti_faces,400,0.8341419696807861,0.726858377456665,0.7465226650238037,0.7363979816436768,0.8277988433837891,0.9079012870788574,0.7163491249084473,0.706756591796875
mnist64,1082,0.13128900527954102,0.24326372146606445,0.9093225002288818,0.16295456886291504,0.14248180389404297,0.17291665077209473,0.16275739669799805,0.1223456859588623
ph_recognition,653,0.3964884281158447,0.3238184452056885,0.4756507873535156,0.2834756374359131,0.2635364532470703,0.36403679847717285,0.3541088104248047,0.3039121627807617
