dataset,n,SC-UN,SC-N,DSC+,DI-SIM-R,DI-SIM-L,DI-SIM-C,GSC-N,GSC-UN,deg-GSC-N,deg-GSC-UN,uniform-GSC-N,uniform-GSC-UN,perron-GSC-N,perron-GSC-UN
breast_tissue,106,2.9505205154418945,2.2403743267059326,6.364632606506348,0.286038875579834,0.2344036102294922,0.24425697326660156,10.482999324798584,9.998370885848999,0.5891933441162109,0.5548768043518066,0.17364144325256348,0.12292313575744629,0.14247560501098633,0.10209059715270996
wine,178,0.08420491218566895,0.08170151710510254,0.41941189765930176,0.19376873970031738,0.17421507835388184,0.17308402061462402,6.686517000198364,6.2814905643463135,0.386275053024292,0.3800485134124756,0.11234450340270996,0.09242033958435059,0.09218430519104004,0.0515749454498291
iris,150,0.0843667984008789,0.07183265686035156,0.38097310066223145,0.18318748474121094,0.1631486415863037,0.16344404220581055,7.582779169082642,6.341995477676392,0.4138622283935547,0.37301135063171387,0.102508544921875,0.09200072288513184,0.10239315032958984,0.0818328857421875
seeds,210,0.07403755187988281,0.10205769538879395,0.4757833480834961,0.19398212432861328,0.2240602970123291,0.18386077880859375,7.284963130950928,6.641158580780029,0.45822739601135254,0.41870570182800293,0.13361549377441406,0.07262277603149414,0.11215806007385254,0.08182859420776367
segmentation,2310,0.3300595283508301,0.4654104709625244,125.7158465385437,0.6375844478607178,0.7387118339538574,0.7494862079620361,133.6964418888092,46.260700702667236,3.8260178565979004,1.782210350036621,0.5574653148651123,0.23360824584960938,0.899268627166748,0.3746638298034668
wdbc,569,0.08002114295959473,0.07209587097167969,1.5149128437042236,0.18378925323486328,0.1534714698791504,0.1943521499633789,8.697534322738647,7.014755964279175,0.5125997066497803,0.4275016784667969,0.09283828735351562,0.10328197479248047,0.15316128730773926,0.10275864601135254
olivetti_faces,400,1.2042443752288818,1.0085175037384033,5.924631118774414,2.1652517318725586,1.9498801231384277,2.5864081382751465,98.3884003162384,95.91767024993896,4.897508144378662,4.896182537078857,1.424208402633667,1.0610709190368652,1.5757396221160889,1.0402562618255615
mnist64,1082,0.369828462600708,0.3746509552001953,6.777284622192383,0.5065245628356934,0.5068097114562988,0.5363953113555908,21.25941014289856,15.586743116378784,1.1294474601745605,0.8741376399993896,0.2141740322113037,0.2642688751220703,1.8778159618377686,0.2034459114074707
ph_recognition,653,0.5732431411743164,0.37524890899658203,3.3285903930664062,0.8802525997161865,0.7991349697113037,0.9613156318664551,312.8240876197815,29.90666437149048,2.1376702785491943,1.9171407222747803,0.4157414436340332,0.38547396659851074,0.5871882438659668,0.34498023986816406
